submission_id,brand,status,timestamp
2ef29e98-d89d-4cc8-a6fb-c3febaf0c129,RAYMOND,APPROVED,2025-12-15T20:46:18.442706
afc7fff5-bdee-4480-aa01-010f30eab29d,TMH,APPROVED,2025-12-15T20:48:08.860110
76d9f5f4-802e-47f1-9faa-324bada655c8,RAYMOND,APPROVED,2025-12-15T21:16:41.412199
71e40088-bb16-4367-b807-2844e54eaf8d,RAYMOND,APPROVED,2025-12-15T21:25:18.814425
54b040e3-039e-4e01-a260-dff029584339,TMH,REJECTED,2025-12-15T21:26:39.583977
d5c3f955-d964-4c61-b1f0-a9801c638684,TMH,APPROVED,2025-12-15T21:44:46.736802
a097cde3-b5a4-43ad-b83d-504d6f37b764,RAYMOND,APPROVED,2025-12-16T17:11:31.227731
070bfc2e-6bb1-4a9d-8774-879f40e31458,RAYMOND,REJECTED,2025-12-16T17:30:13.637321
72600eae-8135-484c-b84b-da0cfd84ebe8,TMH,REJECTED,2025-12-16T17:45:09.330536
